,Title,Abstract
0,PERANCANGAN DAN IMPLEMENTASI SISTEM DATABASE TERDISTRIBUSI MENGGUNAKAN ORACLE STUDI KASUS SIAKAD UNIVERSITAS TRUNOJOYO,"Sistem  informasi  akademik  (SIAKAD) merupakan  sistem  informasi  yang  berfungsi  menangani pengelolaan  dan  penyajian  data-data  akademik,  yang  oleh pihak  fakultas  SIAKAD  dianggap  sangat  penting  dalam memberikan  pelayanan  mahasiswa  yang  membutuhkan informasi akademik. Di Universitas Trunojoyo telah tersedia SIAKAD,  namun  masih  menggunakan  database  terpusat. Sistem seperti ini memberikan kelebihan yaitu perawatannya mudah  selain  itu  juga  membutuhkan  sedikit  biaya,  namun sistem  tersebut  juga  berpotensi  mengahadapi  kendala-kendala  yaitu  dalam  proses  transaksi  data  karena  padatnya jaringan yang menuju database SIAKAD, kelambatan dalam pemrosesan  respon  query  dikarenakan  data  yang  tersimpan semakin besar dan pemrosesan semakin kompleks, dan  juga memiliki kelemahan dalam hal ketersediaan data. Untuk  itu sistem  seperti  ini  memerlukan  pengembangan  sistem database  yang  lebih  baik  dengan  menggunakan  sistem databases  terdistribusi  pada  masing-masing  fakultas  yang dapat  dijadikan  solusi  bagi  permasalahan  di  atas.  Karena dalam basisdata terdistribusi terdapat keuntungan yang tidak dimiliki oleh basisdata  terpusat yaitu pengawasan distribusi, reability,  availability,  kecepatan  dalam  pemrosesan  query dan otonomi local"
1,APLIKASI KONTROL DAN MONITORING JARINGAN KOMPUTER BERBASIS MOBILE,"Berjalannya koneksi jaringan komputer dengan lancar dan tanpa gangguan merupakan harapan seluruh penggunanya,terutama pihak yang bertanggung jawab pada bidang itu, yakni administrator jaringan. Namun tidak selamanya koneksijaringan dapat berjalan dengan lancar tanpa adanya gangguan. Kenyataan di lapangan terutama pada jaringan komputer skalabesar, berpotensi besar terjadi gangguan atau bahkan kerusakan koneksi jaringan komputer.Hal ini rata - rata disebabkan banyaknya penggunaan serta padatnya traffic data dalam jaringan komputer itu sendiri.Oleh karena itu untuk menjaga bahkan meningkatkan kualitas layanan koneksi jaringan maka diperlukan adanya akses kontroldan monitoring pada level administrator jaringan secara real-time berbasis mobile, yang dapat mengatur dan mengetahuiinformasi tentang koneksi jaringan dan dapat diakses setiap saat.Pihak administrator jaringan dituntut untuk terlebih dahulu mengetahui adanya gangguan atau bahkan terputusnyakoneksi jaringan walaupun administrator tidak berada di tempat kontrol dan monitoring, Dengan adanya sistem kontrol danmonitoring berbasis mobile, diharapkan dapat membantu tugas administrator dalam mengontrol dan memantau jaringan sertadalam mengambil kebijakan atas node â node yang terkoneksi pada jaringan yakni memanajemen koneksi, port dan bandwidthsetiap saat dan secara mobile. agar dengan segera dapat melakukan pembenahan ketika terjadi gangguan jaringan sebelumpemakai jaringan (klien) melakukan pengaduan atas adanya gangguan.Kata Kunci : Administrator Jaringan, Koneksi Jaringan, Akses Kontrol dan Monitoring."
2,RANCANG BANGUN APLIKASI PROXY SERVER UNTUKENKRIPSI KODE HTML MENGGUNAKANALGORITMA BLOWFISH,"Web server adalah sebuah perangkat lunak server yang berfungsimenerima permintaan HTTP atau HTTPS dari web client danmengirimkan jawaban dalam bentuk halaman-halaman web yangumumnya berbentuk dokumen HTML. Dokumen HTML yang dikirimmerupakan dokumen yang dibentuk dari bahasa markup yang plaintext.Artinya, dokumen berisi kode-kode HTML murni tanpa proses enkripsi.Tujuan dari penelitan ini adalah membuat sebuah aplikasi proxyserver yang menerima permintaan HTTP dari web client danmeneruskannya ke web server. Kemudian aplikasi ini akan menerimarespon dari server dan melakukan proses enkripsi pada dokumen HTMLterlebih dahulu. Sehingga dokumen HTML yang dikirim kepada webclient sudah berbentuk dokumen HTML yang terenkripsi. Web clientdisini bisa berupa aplikasi seperti Internet Explorer, Mozilla Firefox,atau Opera. Aplikasi-aplikasi tersebut biasa dikenal dengan sebutan webbrowser.Ketika web browser menerima dokumen HTML yang terenkripsidari aplikasi proxy server, maka JavaScript Engine yang ada di webbrowser akan melakukan proses dekripsi sekaligus rendering sehinggadokumen akan ditampilkan sesuai dengan aslinya. Namun apabila kodedari dokumen HTML tersebut dilihat melalui menu view source yangada di web browser akan didapatkan dokumen HTML yang tetapterenkripsi."
3,SISTEM PENDUKUNG KEPUTUSAN OPTIMASI PENJADWALAN MATAKULIAH UNTUK PENGGUNAAN RUANGAN KULIAH BERSAMA DI UNIVERSITAS TRUNOJOYO MADURA MENGGUNAKAN ALGORITMA  GENETIKA,"Penjadwalan  kuliah  di  Perguruan  Tinggi  merupakan  masalah yang  kompleks.  Dalam  permasalahan tersebut  terdapat  beberapa variabel  yang  harus  dipertimbangkan  supaya  mendapatkan  jadwal  yang optimal. Di dalam penyusunan jadwal kuliah ini terdapat sangat banyak kemungkinan  yang  selayaknya  dicoba  untuk  menemukan  penjadwalan yang  terbaik.  Karena  itu  dibutuhkan  metode  optimasi  yang  dapat diterapkan  untuk  mengerjakan  penjadwalan  mata  kuliah  ini.  Metode yang  dapat  digunakan  untuk  menyelesaikan  permasalahan  tersebut adalah  dengan  menggunakan  Algoritma  Genetika.  Tugas  Akhir  ini bertujuan  untuk  membuat  suatu  sistem  yang  dapat  membuat  jadwal matakuliah  secara  otomatis  dan  hasilnya  optimal.  Dari  hasil  penelitian yang  dilakukan  algoritma  genetika  mampu  membuat  jadwal  dengan optimal  yang  dibuktikan  dari  nilai  fitness  yang memiliki  nilai  1  secara otomatis  jadwal  yang  dibentuk  akan  optimal.  Semoga  adanya  aplikasi ini  diharapkan  bisa  mempermudah  didalam  pembuatan  penjadwalan matakuliah dengan mudah dan cepat.  Kata Kunci: Algoritma Genetika, Optimasi,  Penjadwalan."
4,SISTEM AUGMENTED REALITY ANIMASI BENDA BERGERAK MENGGUNAKAN FLARTOOLKIT,"Seiring perkembangan teknologi yang ada didunia, muncul teknologi yang disebut augmented reality. Augmented Reality (AR) merupakan upaya untuk menggabungkan dunia maya dan dunia virtual yang dibuat melalui komputer sehingga batas antara keduanya menjadi sangat tipis. Head-Mounted Display (HMD) merupakan contoh hasil dari penelitian tentang Augmented Reality, ini merupakan satu-satunya peralatan dasar dalam teknologi-teknologi terbaru. Seiring berjalannya waktu, augmented reality berkembang pesat sehingga memungkinkan pengembangan aplikasi ini di berbagai bidang.Untuk mengembangkan AR banyak sekali library pendukung yang dapat digunakan. FlarToolKit adalah salah satunya. FlarToolKit merupakan library pendukung augmented reality pada platform flash.Berdasarkan sistem AR animasi benda bergerak yang dibuat adalah animasi bergerak permainan pingpong dimana telah dikolaborasikan dengan augmented reality untuk menggerakkan setiap langkah dari playernya. Interaksi antar obyek tersebut dapat dilihat dari gerak bola yang dapat dipukul dengan obyek virtual yang ditampilkan melalui augmented reality."
5,GERAK PEKERJA PADA GAME REAL TIME STRATEGY MENGGUNAKAN FINITE STATE MACHINE,"Gerak pekerja ada pada game yang memiliki genre RTS (Real-Time Strategy). Gerak pekerja memiliki berbagai macam gerak. Oleh sebab itu dibutuhkan sebuah pendekatan konsep AI  untuk mendesain perilaku pekerja tersebut. Perilaku karakter tersebut harus ditambahi dengan AI (Artifical intelegent) agar perilakunya menjadi lebih hidup dan realistis.Dalam penelitian ini AI yang digunakan adalah Finite State Machine. Finite State Machine digunakan untuk menentukan gerak pekerja terhadap parameter-parameter yang digunakan sebagai dasar gerak yang akan dilakukan . Selanjutnya akan disimulasikan pada game RTS dengan menggunakan game engine.Hasil yang di peroleh dalam penelitian ini adalah penerapan metode Finite State machine untuk menentukan gerak pekerja berdasarkan parameter jumlah harta, prajurit, kondisi bangunan, dan stockpile (jumlah resources yang di bawa). Kata kunci : Game, Real-Time Strategy, Gerak Pekerja, Finite State Machine."
6,RANCANG BANGUN GAME PERAWATAN SAPI KARAPAN MENGGUNAKAN METODE FUZZY LOGIC,"Perkembangan game yang semakin pesat, memberikan berbagai alternative bagi peminatnya. Mulai dari bentuk game, cerita maupun media penyajian. Keberadaan game yang menggambarkan budaya Indonesia khususnya daerah kepulauan seperti Madura terhitung sedikit, sehingga dapat dirasa semakin lunturnya kebudayaan Indonesia bagi anak bangsa. Adanya peminat game yang semakin banyak dapat digunakan sebagai sarana pengenalan budaya asli Madura. Sebuah aplikasi game tentang olahraga yang sangat digemari di pulau Madura tersebut seperti Kerapan Sapi adalah sangatlah penting. Untuk itu perlu dibangun aplikasi game kerapan sapi sebagai upaya pelestarian budaya bangsa khususnya pulau Madura. Dengan upaya pembuatan game budaya maka dibangun  game perawatan sapi karapan menggunakan metode logika fuzzy (fuzzy logic), dengan menginputkan parameter kekuatan dan kesehatan sapi karapan untuk menentukan harga jual sapi karapan dalam sebuah game perawatan sapi karapan.Kata kunci : game, kerapan sapi, perawatan sapi kerapan, budaya madura."
7,EKSTRAKSI FITUR BERBASIS TWO DIMENSIONAL LINEAR DISCRIMINANT ANALYSIS  UNTUK PENGENALAN WAJAH,"Sistem pengenalan wajah adalah suatu sistem untuk mengenali identitas diri dari seseorang melalui wajah manusia. Teknologi ini mengidentifikasi bagian tubuh manusia yang unik dan tetap seperti wajah manusia. Hal khusus di bidang identifikasi dan pengenalan wajah manusia memanfaatkan pengolahan dan juga analisis citra wajah, yang akan berperan penting dalam proses pengenalan wajah manusia. Sistem ini dapat di manfaatkan dalam suatu sistem keamanan di bidang biometrika. Pada penelitian ini telah di bangun suatu perangkat lunak pengenalan citra wajah manusia menggunakan metode Two Dimensional Linear Discriminant Analysis (2DLDA) untuk menentukan karakteristik dari wajah manusia. Sedangkan pada tahap pengklasifikasian digunakan metode Angular Separation untuk mengukur kemiripan antara data pelatihan (training) dan data uji coba (testing). Melalui proses testing gambar wajah ini dapat di ketahui identitas diri dari seseorang. Dari uji coba aplikasi menggunakan klasifikasi Angular Separation di peroleh akurasi pengenalan benar sebesar  94.5%, pada  lima pose citra wajah pelatihan  dan lima pose citra wajah uji coba (testing) dengan jumlah data masing - masing dua ratus citra wajah manusia yang di ambil dari database ORL dengan menggunakan sepuluh eigen.Kata kunci : Sistem pengenalan wajah, Two Dimensional Linear Discriminant Analysis, Angular Separation."
8,IMPLEMENTASI  ALGORITMA PRIM  DAN DEPTH FIRST SEARCH PADA PEMBUATAN MAZE GAME BERBASIS ANDROID OS MOBILE,"Teknologi mobile game beroperating system open source berkembang dengan sangat pesat. Karena keragaman variasinya, mobile game memiliki banyak peminat dari berbagai kalangan. Hal inilah yang menjadi dasar bagi para pengembang untuk terus mengembangkan mobile game. Pada penelitian ini, sebuah mobile game untuk mengasah kemampuan berfikir telah dikembangkan dengan mengimplementasikan algoritma Prim dan Depth First Search. Dalam pembuatannya, algoritma Prim diterapkan pada saat pembuatan lintasan dari maze sedangkan algoritma Depth First Search diterapkan pada saat melakukan proses pencarian solusinya.Dari hasil pengujian dapat disimpulkan bahwa algoritma Prim dan Depth First Search dapat berfungsi dengan baik pada resolusi screen 320 x 480 pixels dalam pembentukan lintasan dan pencarian solusi dari maze.Kata kunci : Mobile Game, Android, Algoritma Prim, Algoritma Depth First Search."
9,PERANCANGAN SISTEM INFORMASI BADAN KEPEGAWAIAN DAERAH ( BKD ) BANGKALAN SEBAGAI SUB SISTEM DARI E-GOVERNMENT BANGKALAN MENGGUNAKAN TOGAF ADM ,"Kantor Badan Kepegawaian kota Bangkalan adalah instansi pemerintahan yang bergerak di bidang pelayanan kepegawaian. Untuk meningkatkan kualitas pelayanan maka perlu adanya sebuah sistem informasi yang mampu memonitoring dan membantu proses kinerja dari dinas tersebut. Oleh karena itu dalam penelitian  ini dibahas bagaimana menerapkan  Architecture Enterprise BKD Bangkalan dengan menggunakkan metode TOGAF ADM dan mengimplementa sikannya kedalam sebuah implementasi aplikasi Enterprise yang akan dibentuk menjadi satu keterpaduan dengan  E-government Bangkalan. TOGAF ADM memiliki empat komponen utama: arsitektur bisnis, arsitektur data, arsitektur teknologi dan arsitektur aplikasi. Intinya TOGAF digunakan untuk membuat Architecture Enterprise dari semua aspek tersebut. Dalam penelitian ini akan dibahas tentang perancangan sistem arsitektur Sistem informasi BKD Bangkalan sebagai sub-sistem dari E-government Bangkalan dengan menggunakan TOGAF ADM tujuannya agar dapat menghasilkan sistem aplikasi administrasi kantor Badan Kepegawaian Daerah  Bangkalan, membuat Blue Print, serta memperbaiki efisiensi, kenyamanan, serta aksesibilitas pelayanan terhadap publik agar  lebih baik. Kata Kunci: Arsitektur interprise, TOGAF ADM, Arsitektur bisnis, Arsitektur data, Arsitektur aplikasi, Arsitektur teknologi"
10,PEMANFAATAN TOGAF ADM UNTUK PERANCANGAN SISTEM INFORMASI DINAS PERINDUSTRIAN & PERDAGANGAN SEBAGAI SUB SISTEM ARSITEKTUR E-GOVERNMENT KABUPATEN BANGKALAN,"Penyusunan Sistem Informasi Dinas Perindustrian & Perdagangan (DISPERINDAG) Kabupaten Bangkalan dibuat untuk meningkatkan kualitas pelayanan dan membantu proses kinerja dari dinas tersebut. Salah satu faktor pendorong pemanfaatan sistem informasi yang lebih baik adalah semakin meningkatnya kebutuhan fungsi pelayanan yang dijalankan. Tujuan dari penerapan Arsitektur Enterprise adalah menciptakan keselarasan antara bisnis dan teknologi informasi bagi kebutuhan instansi, penerapan arsitektur enterprise tidak terlepas dari bagaimana sebuah instansi merencanakan dan merancang arsitektur enterprise tersebut. TOGAF ADM merupakan metodologi yang lengkap, banyak instansi yang tidak memahami secara jelas tentang tahapan â tahapan dari metodologi tersebut diterjemahkan ke dalam aktivitas perancangan Arsitektur Enterprise. Tahapan dalam perancangan Arsitektur Enterprise sangatlah penting dan akan berlanjut pada tahapan berikutnya yaitu rencana implementasi. TOGAF ADM memiliki empat komponen utama: arsitektur bisnis, arsitektur data, arsitektur teknologi dan arsitektur aplikasi. Pada intinya TOGAF digunakan untuk membuat Arsitektur Enterprise dari semua aspek tersebut yang menghasilkan model dan kerangka dasar dalam mengembangkan sistem informasi yang terintegrasi untuk mendukung kebutuhan Dinas Perindustrian & Perdagangan sesuai dengan Peraturan Bupati Bangkalan Nomor 38 Tahun 2010 Tentang Uraian Tugas Jabatan Struktural pada Dinas Perindustrian dan Perdagangan."
11,APLIKASI METODE FUZZY ANALYTIC NETWORK PROCESS (FANP) UNTUK MENDUKUNG KEPUTUSAN PROSES PROMOSI JABATAN DI PT. SURYA MADISTRINDO PAMEKASAN,"Perusahaan pemerintah maupun swasta mempunyai tujuan yang harus dicapai. Pencapaian tujuan perusahaan dapat dilakukan dengan pemanfaatan sumber daya yang dimiliki secara optimal, salah satu sumber daya tersebut adalah sumber daya manusia yang dimiliki oleh perusahaan. Sesuai dengan peraturan yang telah ditetapkan PT. Surya Madistrindo Pamekasan dalam melakukan proses promosi jabatan, maka diperlukan kriteria-kriteria seperti aspek kapasitas intelektual, aspek sikap kerja, dan aspek perilaku yang masing-masing mempunyai sub kriteria tersendiri. Metode yang digunakan adalah metode Fuzzy Analytic Network Process (FANP). Metode FANP sendiri digunakan untuk mencari bobot prioritas kepentingan dari seluruh kriteria dan sub kriteria yang telah ditetapkan dan sebagai proses perangkingan atas bobot kriteria masing-masing data karyawan. Pembobotan diperoleh dari hasil kuesioner yang dilakukan oleh pimpinan perusahaan. Proses perangkingan dilakukan dengan cara mengalikan nilai bobot dari kriteria ke tiap-tiap sub kriteria sehingga mampu menyeleksi karyawan yang berhak menduduki jabatan yang tersedia berdasarkan kriteria-kriteria yang ditentukan. Dari hasil uji coba dalam menyelesaikan studi kasus proses promosi jabatan karyawan menghasilkan nilai akurasi sebesar 80%.Kata kunci 	: 	Sistem Pendukung Keputusan, Promosi Jabatan,  Fuzzy Analytic Network Process (FANP)"
12,SISTEM PENDUKUNG KEPUTUSAN REKOMENDASI MENU DIET BAGI PASIEN RAWAT INAP MENGGUNAKAN METODE HARRIS BENEDICT DAN EUCLIDEAN (STUDI KASUS : RSUD DR. H. MOH. ANWAR SUMENEP),"Pelayanan makanan bagi pasien rawat inap di Rumah Sakit mempunyai tujuan untuk memberikan menu diet yang sesuai dengan syarat gizi minimal dan sesuai dengan penyakit yang diderita pasien. Sampai saat ini menu yang disediakan pihak rumah sakit kurang memperhatikan kebutuhan kalori pasiennya per individu. Sehingga mengakibatkan penyediaan makanan kepada pasien tidak sesuai dengan kebutuhan kalori perhari dari pasien. Oleh karena itu dibuatlah sistem pendukung keputusan untuk rekomendasi menu diet pasien sebagai alat bantu dalam penyediaan menu makanan bagi pasienMetode yang digunakan yaitu metode Harris Benedict untuk perhitungan total kalori pasien dan metode Euclidean untuk perankingannya, maka diharapkan aplikasi sistem pendukung keputusan yang dibuat ini mampu untuk merekomendasikan menu diet kepada pasien beserta penjelasan mengenai kebutuhan kalori perhari untuk asupan makanan perhari dan makanan yang harus dibatasi.Kata kunci :  Sistem Pendukung Keputusan, Harris Benedict dan Euclidean"
13,RANCANG BANGUN APLIKASI PEMILIHAN TEKNIK REKAYASA KEBUTUHAN MENGGUNAKAN METODE SELF ORGANIZING MAP BERBASIS EUCLIDEAN DISTANCE DAN CANBERRA DISTANCE MATRIX,"Penyusunan Sistem Pendukung Keputusan pemilihan teknik rekayasa kebutuhan dibuat untuk membantu pengembang perangkat lunak dalam membangun sebuah proyek perangkat lunak. Pemilihan teknik rekayasa kebutuhan umumnya berdasarkan pada pilihan system dan analis yang bersangkutan daripada berdasarkan karakteristik teknik rekayasa kebutuhan yang sesuai pada proyek perangkat lunak tersebut. Untuk dapat menghasilkan perangkat lunak yang baik maka proses evaluasi dan pemilihan teknik rekayasa kebutuhan merupakan salah satu tahap yang sangat penting dalam sebuah proyek pengembangan perangkat lunak.	Didalam SPK ini dilakukan proses pemilihan antara teknik rekayasa kebutuhan dan kriteria atribut project yang diinginkan oleh pengembang perangkat lunak. Selanjutnya dilakukan proses clustering menggunakan metode Self Organizing Map (SOM). Parameter yang digunakan dalam adalah distance matrix karena paling tepat digunakan untuk menangani data multi dimensional. Euclidean dan Canberra adalah jenis distance matrix yang lazim digunakan karena tingkat akurasinya yang baik untuk menangani kasus data riil.Hasil akhir yang diperoleh yaitu membandingkan hasil clustering menggunakan metode SOM berbasis Euclidean Distance dan Canberra Distance matrix. Sehingga menghasilkan teknik rekayasa kebutuhan yang efisien, obyektif dan sesuai dengan karakteristik proyek perangkat lunak.Kata Kunci : Sistem Pendukung Keputusan, Teknik Rekayasa Kebutuhan, Clustering, Self Organizing Map, Canberra Distance matrix"
14,DETEKSI COREPOINT SIDIK JARI MENGGUNAKAN METODE GEOMETRY OF REGION TECHNIQUE (GR),"Sidik jari adalah salah satu karakteristik fisik manusia yang saat ini banyak digunakan untuk identifikasi manusia, karena sidik jari mempunyai karakteristik yang tidak dapat berubah kecuali jika luka atau rusak akibat kecelakaan. Sidik jari sangat diperlukan untuk berbagai kasus tindak kriminal, seperti pencurian, kecurangan administrasi. Sehingga adanya proses pendeteksian sidik jari dapat memudahkan pihak-pihak yang berwajib untuk menangani beberapa kasus tersebut. Proses pendeteksian ini di lakukan dalam program komputer dengan melakukan beberapa tahap perhitungan. Penentuan titik tengah atau yang biasa di kenal dengan Corepoint adalah sebuah proses awal yang sangat berperan penting dalam proses identifikasi manusia. Terdapat dua cara untuk menentukan Corepoint atau titik tengah sidik jari yaitu secara manual dan otomatis. Secara manual dapat di lakukan dengan kasat mata. sedangkan secara otomatis dapat di tentukan dengan menggunakan suatu sistem. Pada Tugas Akhir ini untuk menentukan Corepoint sidik jari secara otomatis digunakan metode Geometry Of Region Technique (GR).Citra yang digunakan pada Tugas Akhir diperoleh dari âdatabase FVC-2002 fingerprint-bitmapsâ. Hasil uji coba sistem yang terbaik untuk deteksi Corepoint sidik jari menggunakan metode Geometry Of Region Technique (GR) dengan M0=50 dan V0=50 pada proses normalisasi dan menggunakan ukuran blok 3 x 3 pixel. Hasil akurasi sistem yang didapatkan sebesar 70%.Kata Kunci : Sidik jari, Corepoint, Geometry Of Region Technique (GR), Normalisasi"
15,SISTEM PENENTUAN STATUS GIZI PASIEN RAWAT INAPMENGGUNAKAN METODE NAÃVE BAYES CLASSIFIER(STUDI KASUS : RSUD DR. H. SLAMETMARTODIRDJO PAMEKASAN),"Di Indonesia masalah perkembangan gizi adalah masalah yangperlu perhatian lebih. Jika seseorang tidak mengetahui tentang statusgizinya, maka tidak akan dapat mengontrol berapa banyak jumlah giziyang dibutuhkan dalam tubuh. Dalam penelitian ini dirancang aplikasisistem pendukung keputusan yang digunakan untuk menentukan statusgizi pasien dan memberikan solusi makanan pada pasien sesuai riwayatpenyakit yang di derita pasien. Sistem yang dirancang ini berbasis Web,dan memudahkan pihak admin atau ahli gizi rumah sakit dalampenentuan status gizi pasien. Diharapkan dengan adanya aplikasi inidapat memberikan efisien dan efektifitas kinerja setiap pihak.Metode yang digunakan dalam penelitian ini menggunakanNaÃ¯ve Bayes Classifier (NBC). Metode terbaru yang di gunakan untukmemprediksi probabilitas.Metode NaÃ¯ve bayes Classifier melakukanproses penentuan perhitungan probabilitas status gizi. Dimana dicarinilai probabilitas terbesar yang kemudian menjadi kesimpulanpenentuan status gizi.Metode ini dapat diterapkan dalam studi kasus SistemPenentuan Status Gizi Pasien dengan hasil akurasi terbesar 92%.Kata Kunci : NaÃ¯ve Bayes Classifier, Sistem Pendukung Keputusan,Status Gizi, Web"
16,PENGENALAN TULISAN TANGAN HURUF ALFABETDENGAN METODE MODIFIED DIRECTION FEATURE (MDF)DAN LEARNING VECTOR QUANTIZATION (LVQ),"Pengenalan tulisan tangan merupakan topik penelitian yang sangat populer saat ini. Para peneliti telah banyak melakukan usaha-usaha untuk membuat sistem pengenalan tulisan tangan otomatis dengan berbagai teknik yang berbeda. Penelitian ini membahas pengembangan sistem pengenalan tulisan tangan offline yang menggunakan pencirian lokal dari karakter-karakter tulisan tangan. Salah satu faktor penentu dalam pengenalan tulisan tangan adalah model atau bentuk tulisan tangan dari penulis yang mampu dikenali. Tiap penulis pasti memiliki gaya menulis atau bentuk tulisan tangan yang berbeda. Metode yang digunakan untuk pengenalan pola tulisan tangan pada penelitian ini adalah Modified Direction Feature (MDF) untuk proses ekstraksi fitur dan Learning Vector Quantization (LVQ) untuk proses klasifikasi. Proses ekstraksi fitur pada metode MDF dilakukan dengan cara penentuan arah garis dan posisi  dari tiap-tiap piksel. Sedangkan untuk proses pelatihan data menggunakan  metode Learning Vector Quantization (LVQ), metode ini akan menghasilkan bobot yang akan digunakan untuk proses pengenalan citra huruf tulisan tangan. Dari uji coba yang dilakukan pada sistem, hasil terbaik untuk pengenalan citra huruf tulisan tangan diperoleh dengan jumlah data pelatihan sebanyak 260 citra dan data uji coba sebanyak 52 citra. Hasil akurasi sistem yang didapatkan sebesar 71,15 %.Kata Kunci: Tulisan Tangan, Modified Direction Feature, Learning Vector Quantization"
17,PENGENALAN POLA SENYUMAN BERBASIS EKSTRAKSI FITUR PRINCIPAL COMPONENT ANALYSIS (PCA) DAN LINIER DESCRIMINANT ANALYSIS (LDA),"Citra senyum merupakan salah satu fitur biometrik yang dapat dijadikan sebagai bukti autentik dari seseorang. Sistem pengenalan pola (pattern recognition) secara komputerisasi, akan mengetahui identitas atau ciri diri seseorang. Pengenalan senyum telah banyak diteliti oleh banyak kalangan. Salah satu bentuk penerapan pengenalan pola senyum ini adalah mengetahui senyum seseorang sehingga nantinya senyum tersebut dapat dikenali oleh komputer dan disimpan dalam database. Terdapat dua cara untuk menentukan pola senyuman yaitu secara manual dan otomatis. Secara manual dapat dilakukan dengan kasat mata, sedangkan secara otomatis dapat di tentukan dengan menggunakan suatu sistem. Pada  Tugas Akhir ini, mengidentifikasi senyuman secara otomatis digunakan metode Principal Component Analysis (PCA) dan Linier Descriminant Analysis (LDA), dimana jenis senyuman pada tugas akhir ini dibagi menjadi lima bagian, yaitu senyum manis, senyum mengejek, senyum yang dipaksakan, senyum tertutup dan senyum terbuka. Penggunaan metode ekstraksi fitur  yang tepat dan efisien  sangat menentukan keberhasilan dari sistem pengenalan pola secara keseluruhan. Untuk metode klasifikasi pengenalan pola menggunakan Euclidean Distance atau Manhattan Distance. Dari hasil uji coba menggunakan 175 gambar data pelatihan didapatkan tingkat akurasi PCA adalah 89.8% pada ordered3. Sedangkan hasil uji coba menggunakan PCA & LDA didapatkan tingkat akurasi 100% pada ordered3."
18,SISTEM PEROLEHAN CITRA BERBASIS ISI MENGGUNAKANGRAY LEVEL DIFFERENCE METHOD BERDASARKANCIRI TEKSTUR PADA POLA BATIK,"Batik adalah kerajinan yang memiliki nilai seni tinggi dan telah menjadi bagian dari budaya Indonesia sejak lama. Batik di Indonesia mempunyai beragam jenis tekstur batik, warna batik, dan pola batik yang mencerminkan asal usul daerah dari batik tersebut. Saat ini pencarian citra berbasis teks sudah tidak efektif lagi karena adanya penilaian subjektif dari pengguna dalam merepresentasikan suatu citra. Karena itu diperlukan suatu sistem yang dapat menangani pencarian citra menggunakan query berupa citra atau disebut Sistem Perolehan Citra berbasis Isi (SPCI) atau Content Based Image Retrieval (CBIR). Penelitian  ini menggunakan ciri tekstur sebagai proses pencarian kemiripan dari delapan kelas citra batik yang  berbeda yaitu: Cirebon, Bali, Bangkalan, Pamekasan, Sumenep, Yogyakarta, Solo, dan Pekalongan sebagai objek perolehan citra berbasis isi. Sistem dibangun dengan proses utamanya yaitu ekstraksi fitur tekstur dengan menggunakan metode Gray Level Difference Method (GLDM) menggunakan empat arah utama. GLDM menghitung perbedaan mutlak antara sepasang derajat keabuan yang terpisah oleh jarak dan arah tertentu. Hasil ekstraksi fitur dilakukan pengukuran jarak kemiripan menggunakan metode Euclidean Distance. Dari uji coba aplikasi menggunakan pengukuran kemiripan Euclidean Distance dengan nilai threshold=7 diperoleh akurasi presisi sebesar  61%  pada data pelatihan 168 dan data uji coba 32 dengan 10 citra yang ditampilkan. "
19,ONTOLOGY SEMANTIC WEB UNTUK PENCARIAN TUGAS AKHIR PADA SISTEM INFORMASI TUGAS AKHIR(SIMTAK),"Kebutuhan pencarian data pada internet yang cepat dan tepat saat ini menjadi faktor penting para pengguna layanan internet. Sistem Informasi Tugas Akhir (SIMTAK) yang digunakan di Fakultas Teknik Universitas Trunojoyo Madura juga membutuhkan pencarian data yang tepat dan cepat berdasarkan konteks. Sistem pencarian yang dipakai saat ini adalah pencarian database dimana masih belum mampu memberikan hasil pencarian yang sesuai dengan konteks atau keywords yang diinputkan. Untuk memiliki kebenaran dalam sistem kecerdasan, pengetahuan perlu ditangkap, diproses, digunakan kembali, dan disampaikan. Ontologi mendukung semua tugas ini. Ontologi adalah spesifikasi dari konseptualisasi. Semantik web adalah sebuah abstrak representasi pada World Wide Web (WWW) yang berbasiskan pada sebuah standar yang didefinisikan menggunakan Resource Description Framework (RDF) dan Ontology Web Language (OWL) ide dasarnya adalah untuk membawa web memiliki definisi dan link data sehingga dapat digunakan lebih efektif untuk mencari, otomasi, integrasi dan reuse informasi pada berbagai aplikasi. Semantik web didefinisikan sebagai sekumpulan teknologi, dimana memungkinkan komputer memahami arti dari sebuah informasi berdasarkan metadata, yaitu informasi mengenai isi informasi seperti judul, pengarang, modifikasi tanggal pada halaman web, dan hak cipta pada halaman web. Dengan menggunakan semantik web, pencarian tugas akhir ini mampu memberikan hasil berdasarkan persamaan makna kata pada keyword yang diinputkan oleh user.Kata Kunci : Mesin pencari, Semantic web, Tugas akhir.ABSTRACT"
20,RANCANG BANGUN APLIKASI INTRUSION PREVENTION SYSTEM PADA JARINGAN BERBASIS PROTOKOL TCP/IP MENGGUNAKAN SNORT DAN IPTABLES,"Dalam setiap perusahaan tentunya memiliki data penting berkaitan dengan kegiatan bisnis mereka yang perlu dijaga dan diamankan dari orang yang tidak berhak mengaksesnya. Seringkali  muncul aksi ilegal yang mencoba merusak server bahkan sampai mencuri data perusahaan bisa mengakibatkan kesalahan fatal terhadap kelancaran kegiatan bisnis perusahaan disebabkan data yang tidak valid lagi. Menyikapi masalah tersebut, maka diperlukannya sistem monitoring keamanan yang mampu mengamankan server dari tindakan penyusupan. Intrusion Prevention System (IPS) merupakan solusi yang mampu memberikan keamanan pada jaringan server dari tindakan penyusupan. IPS ini mengembangkan Snort sebagai fungsi pendeteksi yang dikombinasikan dengan IPTables Firewall sebagai pencegah adanya penyusupan. IPS ini juga dilengkapi dengan user interface BASE (Basic Analysis and Security Engine)  dan manajemen rule sehingga memudahkan admin untuk memonitor sistem keamanan dari tindakan penyusupan ke jaringan server. Snort akan membuat alert ketika terdeteksi adanya serangan yang disimpan dalam log Snort dan memerintahkan IPTables untuk melakukan drop terhadap alamat penyerang. Kemudian detail serangan bisa dilihat pada tampilan user interface BASE. Dari hasil pengujian, didapatkan bahwa Snort dan IPTables telah bekerja dengan baik menjadi IPS yang mampu memberikan respon secara cepat ketika terdeteksi adanya serangan. Waktu tanggap rata-rata kurang dari 5 detik, dari awal serangan sampai terdeteksinya alert."
21,APLIKASI CITRA MOSAIK PANORAMIK MENGGUNAKAN METODE WATERSHED,"Citra digital banyak dimanfaatkan dalam berbagai aspek kehidupan,oleh karena itu membutuhkan tampilan citra yang yang dapat merepresentasikan objek yang terdapat dalam citra tersebut. Salah satu permasalahan yang ada saat melakukan pengambilan gambar (citra) adalah kemampuan untuk mengambil gambar yang sangat luas sehingga gambar harus diambil beberapa kali yang menyebabkan gambar atau objeknya menjadi terpisah-pisah. Untuk mengatasi permasalahan ini diperlukan proses penggabungan citra. Dan dalam penelitian ini akan digunakan metode Watershed. Dalam metode ini terlebih dahulu ditentukan titik korespondensi pada masing-masing citra kandidat, kemudian daerah hasil korespondensi tersebut akan disegmen menggunkan metode Watershed dan hasil segmentasinya digunakan untuk mencari Region cut sebagai acuan penggabungan citra. Proses penggabungan citra ini dsebut dengan mosaic panoramik. Hasil dari penelitian ini menunjukkan citra panorama yang ideal dapat dperoleh dengan menggunakan citra masukan yang mempunyai kesamaan obyek dan titik korespondensi dipilih pada obyek yang sama diantara dua citra masukan tersebut.Kata kunci :Citra Panorama, MosaikPanoramik, Metode watershed"
22,ANALISA VALIDITAS PENERIMA BEASISWA MENGGUNAKAN METODE ANALYTIC NETWORK PROCESS DAN TOPSIS,"Beasiswa adalah pemberian berupa bantuan keuangan yang diberikan kepada perorangan yang bertujuan untuk digunakan demi keberlangsungan pendidikan yang ditempuh. Program beasiswa diadakan untuk meringankan beban mahasiswa dalam menempuh masa studi kuliah khususnya dalam masalah biaya. Fakultas Teknik Universitas Trunojoyo memiliki program beasiswa yang harus diberikan kepada yang berhak menerima. Diantaranya Beasiswa Bantuan Belajar Mahasiswa (BBM), Beasiwa Peningkatan Prestasi Akademik (PPA) dan setiap jenis beasiswa memiliki kriteria atau faktor bobot yang berbeda. Tetapi dalam melakukan seleksi beasiswa tentu akan mengalami kesulitan karena banyaknya pemohon, banyaknya kriteria dan masih menggunakan cara manual yang mengakibatkan kurang efektifnya keputusan. Untuk membantu dalam menetapkan seseorang yang layak menerima beasiswa maka dibutuhkan sistem pendukung keputusan. Metode yang digunakan dalam penelitian ini adalah Analytic Network Process (ANP) dan Technique Order Preference by Similarity To Ideal Solution (TOPSIS). Pada penelitian ini akan diangkat suatu kasus yaitu menganalisa validitas alternatif terbaik penerima beasiswa berdasarkan kriteria-kriteria yang telah ditentukan dengan menggunakan metode ANP kemudian dicari solusi pengurutan dengan menggunakan metode TOPSIS. Berdasarkan hasil uji coba sistem, terdapat perbedaan selisih hasil rekomendasi dari sistem terhadap data aktual pemenang beasiswa PPA jurusan informatika, yaitu 78,57%. Sedangkan selisih hasil rekomendasi dari sistem terhadap data aktual pemenang beasiswa BBM jurusan informatika, yaitu 80,95%.Kata kunci: ANP, TOPSIS, MCDM, pengambilan keputusan multi kriteria, seleksi beasiswa."
23,SISTEM PERAMALAN PENJUALAN JANGKA PENDEK SPARE PART SEPEDA MOTOR MENGGUNAKAN NEURAL NETWORK(STUDI KASUS : SUZUKI KEMAYORAN BANGKALAN),"Spare part merupakan salah satu bagian penting dalam pengoperasian mesin pada sepeda motor. Peningkatan jumlah penjualan spare part yang tidak terduga saat proses tune-up menyebabkan kesulitan dalam pelayanan yang terbaik kepada konsumen. Demikian juga sebaliknya, apabila terjadi penurunan jumlah penjualan spare part, maka akan menyebabkan penumpukan spare part di gudang. Oleh karena itu diperlukan sistem peramalan yang mampu meramalkan penjualan spare part pada periode berikutnya. Sistem peramalan ini menggunakan metode Jaringan Syaraf Tiruan algoritma Propagasi Balik dengan momentum untuk meramalkan jumlah penjualan spare part  pada bulan berikutnya. Data yang telah tersimpan dihitung menggunakan epoh dan learning rate yang berbeda. Dari hasil uji coba system, maka dapat disimpulkan bahwa  dengan menggunakan semua data sebagai data training dan menggunakan learning rate 3.5 dan dengan epoh 200 akan menghasilkan tingkat kesalahan 0.0622716."
24,PENGEMBANGAN MESIN PENCARIAN ANTIPLAGIASI PADA SIM JURNAL MAHASISWA MENGGUNAKAN ALGORITMA WINNOWING FUZZY K-MEANS,"ABSTRAKPenjiplakan merupakan masalah yang sering muncul dan semakin berkembang terutama dalam bidang pendidikan. Banyak karya tulis yang sebagian bahkan seluruh isinya dibuat dengan menjiplak dari karya tulis orang lain. Untuk mengatasi masalah tersebut, salah satunya solusinya adalah dengan dibuatnya aplikasi yang dapat mengelompokan dokumen dan mendeteksi penjiplakan pada dokumen tersebut. Pada tugas akhir ini dibuat aplikasi yang dapat mendeteksi penjiplakan antar dokumen yaitu dengan membandingkan antar dokumen. Dalam melakukan pendeteksian penjiplakan dokumen digunakan algoritma Winnowing. Algoritma winnowing ini berfungsi untuk melakukan proses dokumen fingerprint, yaitu dengan merubah teks menjadi sekumpulan nilai - nilai hash. Nilai hash ini yang akan digunakan untuk mendeteksi tingkat kesamaan antar dokumen. Dalam hal pengelompokan dokumen dipergunakan algoritma fuzzy k-means. Dari hasil uji coba aplikasi ini dapat diambil kesimpulan bahwa semakin besar nilai n-gram, basis, dan window maka semakin kecil hasil prosentase kemiripan antar dokumen yaitu dengan menghasilkan sebesar 4.17%, dan sebaliknya semakin kecil nilai n-gram, basis, dan window maka semakin besar  prosentase kemiripan antar dokumen yaitu dengan menghasilkan prosentase 98.49%. Pada perhitungan nilai f-measure dipengaruhi oleh keakuratan data yang diproses.Kata Kunci : deteksi penjiplakan, cluster, f-measure"
